banca,ano,órgão,cargo,função,aplicação,escolaridade,prova,gabarito,alterações,edital
FGV,2021,Banestes,Analista em Tecnologia da Informação,Desenvolvimento de Sistemas,18/12/21,Nível Superior,https://arquivos.qconcursos.com/prova/arquivo_prova/86343/fgv-2021-banestes-analista-em-tecnologia-da-informacao-desenvolvimento-de-sistemas-prova.pdf,https://arquivos.qconcursos.com/prova/arquivo_gabarito/86343/fgv-2021-banestes-analista-em-tecnologia-da-informacao-desenvolvimento-de-sistemas-gabarito.pdf,,https://arquivos.qconcursos.com/regulamento/arquivo/57713/banestes_2021-edital.pdf
FGV,2021,Câmara de Aracaju,SE,Assistente Administrativo,04/12/21,Nível Médio,https://arquivos.qconcursos.com/prova/arquivo_prova/85817/fgv-2021-camara-de-aracaju-se-assistente-administrativo-prova.pdf,https://arquivos.qconcursos.com/prova/arquivo_gabarito/85817/fgv-2021-camara-de-aracaju-se-assistente-administrativo-gabarito.pdf,,https://arquivos.qconcursos.com/regulamento/arquivo/24697/camara_de_aracaju_se_2020-edital.pdf
FGV,2021,PC-RJ,Perito Criminal,Engenharia Civil,04/12/21,Nível Superior,https://arquivos.qconcursos.com/prova/arquivo_prova/85923/fgv-2021-pc-rj-perito-criminal-engenharia-civil-prova.pdf,https://arquivos.qconcursos.com/prova/arquivo_gabarito/85923/fgv-2021-pc-rj-perito-criminal-engenharia-civil-gabarito.pdf,,https://arquivos.qconcursos.com/regulamento/arquivo/55922/pc_rj_2021_perito_criminal-edital.pdf
FGV,2021,PC-RJ,Perito Legista,,04/12/21,Nível Superior,https://arquivos.qconcursos.com/prova/arquivo_prova/85926/fgv-2021-pc-rj-perito-legista-prova.pdf,https://arquivos.qconcursos.com/prova/arquivo_gabarito/85926/fgv-2021-pc-rj-perito-legista-gabarito.pdf,,https://arquivos.qconcursos.com/regulamento/arquivo/55923/pc_rj_2021_perito_legista-edital.pdf
FGV,2021,Prefeitura de Paulínia,SP,Cargos de Nível Fundamental,27/11/21,Nível Fundamental,https://arquivos.qconcursos.com/prova/arquivo_prova/86167/fgv-2021-prefeitura-de-paulinia-sp-cargos-de-nivel-fundamental-prova.pdf,https://arquivos.qconcursos.com/prova/arquivo_gabarito/86167/fgv-2021-prefeitura-de-paulinia-sp-cargos-de-nivel-fundamental-gabarito.pdf,,https://arquivos.qconcursos.com/regulamento/arquivo/55951/prefeitura_de_paulinia_sp_2021_edital_n_001-edital.pdf
FGV,2021,TJ-SC,Titular de Serviços de Notas e de Registros,Provimento,13/11/21,Nível Superior,https://arquivos.qconcursos.com/prova/arquivo_prova/85773/fgv-2021-tj-sc-titular-de-servicos-de-notas-e-de-registros-provimento-prova.pdf,https://arquivos.qconcursos.com/prova/arquivo_gabarito/85773/fgv-2021-tj-sc-titular-de-servicos-de-notas-e-de-registros-provimento-gabarito.pdf,https://arquivos.qconcursos.com/concurso/justificativa/31311/tj-sc-2020-atividade-notarial-e-de-registro-justificativa.pdf,https://arquivos.qconcursos.com/regulamento/arquivo/32865/tj_sc_2020_atividade_notarial_e_de_registro-edital.pdf
FGV,2021,TJ-SC,Titular de Serviços de Notas e de Registros,Remoção,06/11/21,Nível Superior,https://arquivos.qconcursos.com/prova/arquivo_prova/85772/fgv-2021-tj-sc-titular-de-servicos-de-notas-e-de-registros-remocao-prova.pdf,https://arquivos.qconcursos.com/prova/arquivo_gabarito/85772/fgv-2021-tj-sc-titular-de-servicos-de-notas-e-de-registros-remocao-gabarito.pdf,https://arquivos.qconcursos.com/concurso/justificativa/31311/tj-sc-2020-atividade-notarial-e-de-registro-justificativa.pdf,https://arquivos.qconcursos.com/regulamento/arquivo/32865/tj_sc_2020_atividade_notarial_e_de_registro-edital.pdf
FGV,2021,TJ-RO,Técnico Judiciário,,30/10/21,Nível Médio,https://arquivos.qconcursos.com/prova/arquivo_prova/85518/fgv-2021-tj-ro-tecnico-judiciario-prova.pdf,https://arquivos.qconcursos.com/prova/arquivo_gabarito/85518/fgv-2021-tj-ro-tecnico-judiciario-gabarito.pdf,,https://arquivos.qconcursos.com/regulamento/arquivo/39528/tj_ro_2021-edital.pdf
FGV,2021,TJ-RO,Analista Judiciário,Administrador,30/10/21,Nível Superior,https://arquivos.qconcursos.com/prova/arquivo_prova/85519/fgv-2021-tj-ro-analista-judiciario-administrador-prova.pdf,https://arquivos.qconcursos.com/prova/arquivo_gabarito/85519/fgv-2021-tj-ro-analista-judiciario-administrador-gabarito.pdf,,https://arquivos.qconcursos.com/regulamento/arquivo/39528/tj_ro_2021-edital.pdf
FGV,2021,TCE-RO,Técnico Judiciário,,30/10/21,Nível Médio,https://arquivos.qconcursos.com/prova/arquivo_prova/87026/fgv-2021-tce-ro-tecnico-judiciario-prova.pdf,https://arquivos.qconcursos.com/prova/arquivo_gabarito/87026/fgv-2021-tce-ro-tecnico-judiciario-gabarito.pdf,,https://arquivos.qconcursos.com/regulamento/arquivo/54595/tce_ro_2021_analista_de_tecnologia_da_informacao-edital.pdf
FGV,2021,TCE-RO,Analista Judiciário,Psicólogo,30/10/21,Nível Superior,https://arquivos.qconcursos.com/prova/arquivo_prova/87027/fgv-2021-tce-ro-analista-judiciario-psicologo-prova.pdf,https://arquivos.qconcursos.com/prova/arquivo_gabarito/87027/fgv-2021-tce-ro-analista-judiciario-psicologo-gabarito.pdf,,https://arquivos.qconcursos.com/regulamento/arquivo/54595/tce_ro_2021_analista_de_tecnologia_da_informacao-edital.pdf
FGV,2021,TCE-RO,Analista de Tecnologia da Informação,Desenvolvimento de Sistemas,30/10/21,Nível Superior,https://arquivos.qconcursos.com/prova/arquivo_prova/87037/fgv-2021-tce-ro-analista-de-tecnologia-da-informacao-desenvolvimento-de-sistemas-prova.pdf,https://arquivos.qconcursos.com/prova/arquivo_gabarito/87037/fgv-2021-tce-ro-analista-de-tecnologia-da-informacao-desenvolvimento-de-sistemas-gabarito.pdf,,https://arquivos.qconcursos.com/regulamento/arquivo/54595/tce_ro_2021_analista_de_tecnologia_da_informacao-edital.pdf
FGV,2021,FUNSAÚDE,CE,Médico – Cirurgia Cardiovascular,23/10/21,Nível Superior,https://arquivos.qconcursos.com/prova/arquivo_prova/85311/fgv-2021-funsaude-ce-medico-cirurgia-cardiovascular-prova.pdf,https://arquivos.qconcursos.com/prova/arquivo_gabarito/85311/fgv-2021-funsaude-ce-medico-cirurgia-cardiovascular-gabarito.pdf,,https://arquivos.qconcursos.com/regulamento/arquivo/51026/funsaude_ce_2021_edital_n_03-edital.pdf
FGV,2021,IMBEL,Cargos de Nível Fundamental,Reaplicação,03/10/21,Nível Fundamental,https://arquivos.qconcursos.com/prova/arquivo_prova/85025/fgv-2021-imbel-cargos-de-nivel-fundamental-reaplicacao-prova.pdf,https://arquivos.qconcursos.com/prova/arquivo_gabarito/85025/fgv-2021-imbel-cargos-de-nivel-fundamental-reaplicacao-gabarito.pdf,,https://arquivos.qconcursos.com/regulamento/arquivo/39889/imbel_2021_edital_n_01-edital.pdf
FGV,2021,IMBEL,Cargos de Nível Médio,Reaplicação,03/10/21,Nível Médio,https://arquivos.qconcursos.com/prova/arquivo_prova/85026/fgv-2021-imbel-cargos-de-nivel-medio-reaplicacao-prova.pdf,https://arquivos.qconcursos.com/prova/arquivo_gabarito/85026/fgv-2021-imbel-cargos-de-nivel-medio-reaplicacao-gabarito.pdf,,https://arquivos.qconcursos.com/regulamento/arquivo/39889/imbel_2021_edital_n_01-edital.pdf
FGV,2021,IMBEL,Analista Especializado,Analista Administrativo,03/10/21,Nível Superior,https://arquivos.qconcursos.com/prova/arquivo_prova/85027/fgv-2021-imbel-analista-especializado-analista-administrativo-reaplicacao-prova.pdf,https://arquivos.qconcursos.com/prova/arquivo_gabarito/85027/fgv-2021-imbel-analista-especializado-analista-administrativo-reaplicacao-gabarito.pdf,,https://arquivos.qconcursos.com/regulamento/arquivo/39889/imbel_2021_edital_n_01-edital.pdf
FGV,2021,IMBEL,Supervisor,Contador,03/10/21,Nível Superior,https://arquivos.qconcursos.com/prova/arquivo_prova/85034/fgv-2021-imbel-supervisor-contador-reaplicacao-prova.pdf,https://arquivos.qconcursos.com/prova/arquivo_gabarito/85034/fgv-2021-imbel-supervisor-contador-reaplicacao-gabarito.pdf,,https://arquivos.qconcursos.com/regulamento/arquivo/39889/imbel_2021_edital_n_01-edital.pdf
FGV,2021,IMBEL,Advogado,Reaplicação,03/10/21,Nível Superior,https://arquivos.qconcursos.com/prova/arquivo_prova/85037/fgv-2021-imbel-advogado-reaplicacao-prova.pdf,https://arquivos.qconcursos.com/prova/arquivo_gabarito/85037/fgv-2021-imbel-advogado-reaplicacao-gabarito.pdf,,https://arquivos.qconcursos.com/regulamento/arquivo/39889/imbel_2021_edital_n_01-edital.pdf
FGV,2021,IMBEL,Engenheiro de Controle de Qualidade,Reaplicação,03/10/21,Nível Superior,https://arquivos.qconcursos.com/prova/arquivo_prova/85038/fgv-2021-imbel-engenheiro-de-controle-de-qualidade-reaplicacao-prova.pdf,https://arquivos.qconcursos.com/prova/arquivo_gabarito/85038/fgv-2021-imbel-engenheiro-de-controle-de-qualidade-reaplicacao-gabarito.pdf,,https://arquivos.qconcursos.com/regulamento/arquivo/39889/imbel_2021_edital_n_01-edital.pdf
FGV,2021,IMBEL,Engenheiro de Segurança do Trabalho,Reaplicação,03/10/21,Nível Superior,https://arquivos.qconcursos.com/prova/arquivo_prova/85039/fgv-2021-imbel-engenheiro-de-seguranca-do-trabalho-reaplicacao-prova.pdf,https://arquivos.qconcursos.com/prova/arquivo_gabarito/85039/fgv-2021-imbel-engenheiro-de-seguranca-do-trabalho-reaplicacao-gabarito.pdf,,https://arquivos.qconcursos.com/regulamento/arquivo/39889/imbel_2021_edital_n_01-edital.pdf
FGV,2021,IMBEL,Engenheiro de Materiais,Reaplicação,03/10/21,Nível Superior,https://arquivos.qconcursos.com/prova/arquivo_prova/85040/fgv-2021-imbel-engenheiro-de-materiais-reaplicacao-prova.pdf,https://arquivos.qconcursos.com/prova/arquivo_gabarito/85040/fgv-2021-imbel-engenheiro-de-materiais-reaplicacao-gabarito.pdf,,https://arquivos.qconcursos.com/regulamento/arquivo/39889/imbel_2021_edital_n_01-edital.pdf
FGV,2021,IMBEL,Engenheiro Elétrico,Reaplicação,03/10/21,Nível Superior,https://arquivos.qconcursos.com/prova/arquivo_prova/85041/fgv-2021-imbel-engenheiro-eletrico-reaplicacao-prova.pdf,https://arquivos.qconcursos.com/prova/arquivo_gabarito/85041/fgv-2021-imbel-engenheiro-eletrico-reaplicacao-gabarito.pdf,,https://arquivos.qconcursos.com/regulamento/arquivo/39889/imbel_2021_edital_n_01-edital.pdf
FGV,2021,IMBEL,Engenheiro Mecânico,Reaplicação,03/10/21,Nível Superior,https://arquivos.qconcursos.com/prova/arquivo_prova/85042/fgv-2021-imbel-engenheiro-mecanico-reaplicacao-prova.pdf,https://arquivos.qconcursos.com/prova/arquivo_gabarito/85042/fgv-2021-imbel-engenheiro-mecanico-reaplicacao-gabarito.pdf,,https://arquivos.qconcursos.com/regulamento/arquivo/39889/imbel_2021_edital_n_01-edital.pdf
FGV,2021,IMBEL,Engenheiro Mecatrônico,Reaplicação,03/10/21,Nível Superior,https://arquivos.qconcursos.com/prova/arquivo_prova/85043/fgv-2021-imbel-engenheiro-mecatronico-reaplicacao-prova.pdf,https://arquivos.qconcursos.com/prova/arquivo_gabarito/85043/fgv-2021-imbel-engenheiro-mecatronico-reaplicacao-gabarito.pdf,,https://arquivos.qconcursos.com/regulamento/arquivo/39889/imbel_2021_edital_n_01-edital.pdf
FGV,2021,IMBEL,Engenheiro Metalurgia,Reaplicação,03/10/21,Nível Superior,https://arquivos.qconcursos.com/prova/arquivo_prova/85044/fgv-2021-imbel-engenheiro-metalurgia-reaplicacao-prova.pdf,https://arquivos.qconcursos.com/prova/arquivo_gabarito/85044/fgv-2021-imbel-engenheiro-metalurgia-reaplicacao-gabarito.pdf,,https://arquivos.qconcursos.com/regulamento/arquivo/39889/imbel_2021_edital_n_01-edital.pdf
FGV,2021,IMBEL,Engenheiro de Produção,Reaplicação,03/10/21,Nível Superior,https://arquivos.qconcursos.com/prova/arquivo_prova/85046/fgv-2021-imbel-engenheiro-de-producao-reaplicacao-prova.pdf,https://arquivos.qconcursos.com/prova/arquivo_gabarito/85046/fgv-2021-imbel-engenheiro-de-producao-reaplicacao-gabarito.pdf,,https://arquivos.qconcursos.com/regulamento/arquivo/39889/imbel_2021_edital_n_01-edital.pdf
FGV,2021,IMBEL,Engenheiro Químico,Reaplicação,03/10/21,Nível Superior,https://arquivos.qconcursos.com/prova/arquivo_prova/85047/fgv-2021-imbel-engenheiro-quimico-reaplicacao-prova.pdf,https://arquivos.qconcursos.com/prova/arquivo_gabarito/85047/fgv-2021-imbel-engenheiro-quimico-reaplicacao-gabarito.pdf,,https://arquivos.qconcursos.com/regulamento/arquivo/39889/imbel_2021_edital_n_01-edital.pdf
FGV,2021,IMBEL,Médico do Trabalho,Reaplicação,03/10/21,Nível Superior,https://arquivos.qconcursos.com/prova/arquivo_prova/85048/fgv-2021-imbel-medico-do-trabalho-reaplicacao-prova.pdf,https://arquivos.qconcursos.com/prova/arquivo_gabarito/85048/fgv-2021-imbel-medico-do-trabalho-reaplicacao-gabarito.pdf,,https://arquivos.qconcursos.com/regulamento/arquivo/39889/imbel_2021_edital_n_01-edital.pdf
FGV,2021,TJ-PR,Juiz Substituto,,19/09/21,Nível Superior,https://arquivos.qconcursos.com/prova/arquivo_prova/84303/fgv-2021-tj-pr-juiz-substituto-prova.pdf,https://arquivos.qconcursos.com/prova/arquivo_gabarito/84303/fgv-2021-tj-pr-juiz-substituto-gabarito.pdf,,https://arquivos.qconcursos.com/regulamento/arquivo/36635/tj_pr_2021_juiz_substituto-edital.pdf
FGV,2021,SEFAZ-ES,Auditor Fiscal da Receita Estadual,Manhã,29/08/21,Nível Superior,https://arquivos.qconcursos.com/prova/arquivo_prova/83450/fgv-2021-sefaz-es-auditor-fiscal-da-receita-estadual-manha-prova.pdf,https://arquivos.qconcursos.com/prova/arquivo_gabarito/83450/fgv-2021-sefaz-es-auditor-fiscal-da-receita-estadual-manha-gabarito.pdf,,https://arquivos.qconcursos.com/regulamento/arquivo/38930/sefaz_es_2021_auditor_fiscal_da_receita_estadual-edital.pdf
FGV,2021,TCE-AM,Auditor Técnico de Controle Externo,Obras Públicas,25/08/21,Nível Superior,https://arquivos.qconcursos.com/prova/arquivo_prova/83462/fgv-2021-tce-am-auditor-tecnico-de-controle-externo-obras-publicas-2-dia-prova.pdf,https://arquivos.qconcursos.com/prova/arquivo_gabarito/83462/fgv-2021-tce-am-auditor-tecnico-de-controle-externo-obras-publicas-2-dia-gabarito.pdf,,https://arquivos.qconcursos.com/regulamento/arquivo/48150/tce_am_2021_auditor_tecnico_de_controle_externo_edital_n_03-edital.pdf
FGV,2021,TCE-PI,Assistente de Administração,,22/08/21,Nível Médio,https://arquivos.qconcursos.com/prova/arquivo_prova/84238/fgv-2021-tce-pi-assistente-de-administracao-prova.pdf,https://arquivos.qconcursos.com/prova/arquivo_gabarito/84238/fgv-2021-tce-pi-assistente-de-administracao-gabarito.pdf,,https://arquivos.qconcursos.com/regulamento/arquivo/48059/tce_pi_2021_assistente_de_administracao_edital_n_01-edital.pdf
FGV,2021,TCE-PI,Auditor de Controle Externo,,22/08/21,Nível Superior,https://arquivos.qconcursos.com/prova/arquivo_prova/84239/fgv-2021-tce-pi-auditor-de-controle-externo-prova.pdf,https://arquivos.qconcursos.com/prova/arquivo_gabarito/84239/fgv-2021-tce-pi-auditor-de-controle-externo-gabarito.pdf,,https://arquivos.qconcursos.com/regulamento/arquivo/48057/tce_pi_2021_auditor_de_controle_externo_edital_n_02-edital.pdf
FGV,2021,TCE-AM,Auditor Técnico de Controle Externo,Área de Auditoria Governamental,21/08/21,Nível Superior,https://arquivos.qconcursos.com/prova/arquivo_prova/83290/fgv-2021-tce-am-auditor-tecnico-de-controle-externo-area-de-auditoria-governamental-prova.pdf,https://arquivos.qconcursos.com/prova/arquivo_gabarito/83290/fgv-2021-tce-am-auditor-tecnico-de-controle-externo-area-de-auditoria-governamental-gabarito.pdf,,https://arquivos.qconcursos.com/regulamento/arquivo/47669/tce_am_2021_auditor_tecnico_de_controle_externo_a-edital.pdf
FGV,2021,TCE-AM,Auditor Técnico de Controle Externo,Tecnologia da Informação,18/08/21,Nível Superior,https://arquivos.qconcursos.com/prova/arquivo_prova/83458/fgv-2021-tce-am-auditor-tecnico-de-controle-externo-tecnologia-da-informacao-prova.pdf,https://arquivos.qconcursos.com/prova/arquivo_gabarito/83458/fgv-2021-tce-am-auditor-tecnico-de-controle-externo-tecnologia-da-informacao-gabarito.pdf,,https://arquivos.qconcursos.com/regulamento/arquivo/48150/tce_am_2021_auditor_tecnico_de_controle_externo_edital_n_03-edital.pdf
FGV,2021,PC-RN,Agente e Escrivão,,11/07/21,Nível Médio,https://arquivos.qconcursos.com/prova/arquivo_prova/82531/fgv-2021-pc-rn-agente-e-escrivao-prova.pdf,https://arquivos.qconcursos.com/prova/arquivo_gabarito/82531/fgv-2021-pc-rn-agente-e-escrivao-gabarito.pdf,,https://arquivos.qconcursos.com/regulamento/arquivo/38573/pc_rn_2020_edital_n_01-edital.pdf
FGV,2021,PC-RN,Delegado de Polícia Civil Substituto,,11/07/21,Nível Superior,https://arquivos.qconcursos.com/prova/arquivo_prova/82587/fgv-2021-pc-rn-delegado-de-policia-civil-substituto-prova.pdf,https://arquivos.qconcursos.com/prova/arquivo_gabarito/82587/fgv-2021-pc-rn-delegado-de-policia-civil-substituto-gabarito.pdf,,https://arquivos.qconcursos.com/regulamento/arquivo/38573/pc_rn_2020_edital_n_01-edital.pdf
FGV,2021,DPE-RJ,Defensor Público,,20/06/21,Nível Superior,https://arquivos.qconcursos.com/prova/arquivo_prova/82278/fgv-2021-dpe-rj-defensor-publico-prova.pdf,https://arquivos.qconcursos.com/prova/arquivo_gabarito/82278/fgv-2021-dpe-rj-defensor-publico-gabarito.pdf,,https://arquivos.qconcursos.com/regulamento/arquivo/40520/dpe_rj_2021_defensor_publico_edital_n_01-edital.pdf
FGV,2021,IMBEL,Cargos de Nível Fundamental,,06/06/21,Nível Fundamental,https://arquivos.qconcursos.com/prova/arquivo_prova/81750/fgv-2021-imbel-cargos-de-nivel-fundamental-prova.pdf,https://arquivos.qconcursos.com/prova/arquivo_gabarito/81750/fgv-2021-imbel-cargos-de-nivel-fundamental-gabarito.pdf,,https://arquivos.qconcursos.com/regulamento/arquivo/39889/imbel_2021_edital_n_01-edital.pdf
FGV,2021,IMBEL,Cargos de Nível Médio,,06/06/21,Nível Médio,https://arquivos.qconcursos.com/prova/arquivo_prova/81751/fgv-2021-imbel-cargos-de-nivel-medio-prova.pdf,https://arquivos.qconcursos.com/prova/arquivo_gabarito/81751/fgv-2021-imbel-cargos-de-nivel-medio-gabarito.pdf,,https://arquivos.qconcursos.com/regulamento/arquivo/39889/imbel_2021_edital_n_01-edital.pdf
FGV,2021,IMBEL,Advogado,,06/06/21,Nível Superior,https://arquivos.qconcursos.com/prova/arquivo_prova/81752/fgv-2021-imbel-advogado-prova.pdf,https://arquivos.qconcursos.com/prova/arquivo_gabarito/81752/fgv-2021-imbel-advogado-gabarito.pdf,,https://arquivos.qconcursos.com/regulamento/arquivo/39889/imbel_2021_edital_n_01-edital.pdf
FGV,2021,IMBEL,Analista Especializado,Analista Administrativo,06/06/21,Nível Superior,https://arquivos.qconcursos.com/prova/arquivo_prova/81753/fgv-2021-imbel-analista-especializado-analista-administrativo-prova.pdf,https://arquivos.qconcursos.com/prova/arquivo_gabarito/81753/fgv-2021-imbel-analista-especializado-analista-administrativo-gabarito.pdf,,https://arquivos.qconcursos.com/regulamento/arquivo/39889/imbel_2021_edital_n_01-edital.pdf
FGV,2021,IMBEL,Supervisor,Auditor,06/06/21,Nível Superior,https://arquivos.qconcursos.com/prova/arquivo_prova/81760/fgv-2021-imbel-supervisor-auditor-prova.pdf,https://arquivos.qconcursos.com/prova/arquivo_gabarito/81760/fgv-2021-imbel-supervisor-auditor-gabarito.pdf,,https://arquivos.qconcursos.com/regulamento/arquivo/39889/imbel_2021_edital_n_01-edital.pdf
FGV,2021,IMBEL,Médico do Trabalho,,06/06/21,Nível Superior,https://arquivos.qconcursos.com/prova/arquivo_prova/81764/fgv-2021-imbel-medico-do-trabalho-prova.pdf,https://arquivos.qconcursos.com/prova/arquivo_gabarito/81764/fgv-2021-imbel-medico-do-trabalho-gabarito.pdf,,https://arquivos.qconcursos.com/regulamento/arquivo/39889/imbel_2021_edital_n_01-edital.pdf
FGV,2021,IMBEL,Engenheiro Mecatrônico,,06/06/21,Nível Superior,https://arquivos.qconcursos.com/prova/arquivo_prova/81765/fgv-2021-imbel-engenheiro-mecatronico-prova.pdf,https://arquivos.qconcursos.com/prova/arquivo_gabarito/81765/fgv-2021-imbel-engenheiro-mecatronico-gabarito.pdf,,https://arquivos.qconcursos.com/regulamento/arquivo/39889/imbel_2021_edital_n_01-edital.pdf
FGV,2021,IMBEL,Engenheiro de Controle de Qualidade,,06/06/21,Nível Superior,https://arquivos.qconcursos.com/prova/arquivo_prova/81766/fgv-2021-imbel-engenheiro-de-controle-de-qualidade-prova.pdf,https://arquivos.qconcursos.com/prova/arquivo_gabarito/81766/fgv-2021-imbel-engenheiro-de-controle-de-qualidade-gabarito.pdf,,https://arquivos.qconcursos.com/regulamento/arquivo/39889/imbel_2021_edital_n_01-edital.pdf
FGV,2021,IMBEL,Engenheiro,Meio Ambiente,06/06/21,Nível Superior,https://arquivos.qconcursos.com/prova/arquivo_prova/81767/fgv-2021-imbel-engenheiro-meio-ambiente-prova.pdf,https://arquivos.qconcursos.com/prova/arquivo_gabarito/81767/fgv-2021-imbel-engenheiro-meio-ambiente-gabarito.pdf,,https://arquivos.qconcursos.com/regulamento/arquivo/39889/imbel_2021_edital_n_01-edital.pdf
FGV,2021,IMBEL,Engenheiro de Segurança do Trabalho,,06/06/21,Nível Superior,https://arquivos.qconcursos.com/prova/arquivo_prova/81768/fgv-2021-imbel-engenheiro-de-seguranca-do-trabalho-prova.pdf,https://arquivos.qconcursos.com/prova/arquivo_gabarito/81768/fgv-2021-imbel-engenheiro-de-seguranca-do-trabalho-gabarito.pdf,,https://arquivos.qconcursos.com/regulamento/arquivo/39889/imbel_2021_edital_n_01-edital.pdf
FGV,2021,IMBEL,Engenheiro de Materiais,,06/06/21,Nível Superior,https://arquivos.qconcursos.com/prova/arquivo_prova/81770/fgv-2021-imbel-engenheiro-de-materiais-prova.pdf,https://arquivos.qconcursos.com/prova/arquivo_gabarito/81770/fgv-2021-imbel-engenheiro-de-materiais-gabarito.pdf,,https://arquivos.qconcursos.com/regulamento/arquivo/39889/imbel_2021_edital_n_01-edital.pdf
FGV,2021,IMBEL,Engenheiro de Telecomunicações,,06/06/21,Nível Superior,https://arquivos.qconcursos.com/prova/arquivo_prova/81771/fgv-2021-imbel-engenheiro-de-telecomunicacoes-prova.pdf,https://arquivos.qconcursos.com/prova/arquivo_gabarito/81771/fgv-2021-imbel-engenheiro-de-telecomunicacoes-gabarito.pdf,,https://arquivos.qconcursos.com/regulamento/arquivo/39889/imbel_2021_edital_n_01-edital.pdf
FGV,2021,IMBEL,Engenheiro Elétrico,,06/06/21,Nível Superior,https://arquivos.qconcursos.com/prova/arquivo_prova/81772/fgv-2021-imbel-engenheiro-eletrico-prova.pdf,https://arquivos.qconcursos.com/prova/arquivo_gabarito/81772/fgv-2021-imbel-engenheiro-eletrico-gabarito.pdf,,https://arquivos.qconcursos.com/regulamento/arquivo/39889/imbel_2021_edital_n_01-edital.pdf
FGV,2021,IMBEL,Engenheiro Eletrônico,,06/06/21,Nível Superior,https://arquivos.qconcursos.com/prova/arquivo_prova/81773/fgv-2021-imbel-engenheiro-eletronico-prova.pdf,https://arquivos.qconcursos.com/prova/arquivo_gabarito/81773/fgv-2021-imbel-engenheiro-eletronico-gabarito.pdf,,https://arquivos.qconcursos.com/regulamento/arquivo/39889/imbel_2021_edital_n_01-edital.pdf
FGV,2021,IMBEL,Engenheiro Mecânico,,06/06/21,Nível Superior,https://arquivos.qconcursos.com/prova/arquivo_prova/81774/fgv-2021-imbel-engenheiro-mecanico-prova.pdf,https://arquivos.qconcursos.com/prova/arquivo_gabarito/81774/fgv-2021-imbel-engenheiro-mecanico-gabarito.pdf,,https://arquivos.qconcursos.com/regulamento/arquivo/39889/imbel_2021_edital_n_01-edital.pdf
FGV,2021,IMBEL,Engenheiro Metalurgia,,06/06/21,Nível Superior,https://arquivos.qconcursos.com/prova/arquivo_prova/81775/fgv-2021-imbel-engenheiro-metalurgia-prova.pdf,https://arquivos.qconcursos.com/prova/arquivo_gabarito/81775/fgv-2021-imbel-engenheiro-metalurgia-gabarito.pdf,,https://arquivos.qconcursos.com/regulamento/arquivo/39889/imbel_2021_edital_n_01-edital.pdf
FGV,2021,IMBEL,Engenheiro de Produção,,06/06/21,Nível Superior,https://arquivos.qconcursos.com/prova/arquivo_prova/81776/fgv-2021-imbel-engenheiro-de-producao-prova.pdf,https://arquivos.qconcursos.com/prova/arquivo_gabarito/81776/fgv-2021-imbel-engenheiro-de-producao-gabarito.pdf,,https://arquivos.qconcursos.com/regulamento/arquivo/39889/imbel_2021_edital_n_01-edital.pdf
FGV,2021,PC-RJ,Inspetor de Polícia Civil,,29/01/21,Nível Superior,https://arquivos.qconcursos.com/prova/arquivo_prova/86370/fgv-2021-pc-rj-inspetor-de-policia-civil-prova.pdf,https://arquivos.qconcursos.com/prova/arquivo_gabarito/86370/fgv-2021-pc-rj-inspetor-de-policia-civil-gabarito.pdf,,https://arquivos.qconcursos.com/regulamento/arquivo/55920/pc_rj_2021_inspetor_de_policia-edital.pdf
FGV,2021,FAMEMA,Enfermagem,,18/01/21,Nível Superior,https://arquivos.qconcursos.com/prova/arquivo_prova/83292/fgv-2021-famema-enfermagem-prova.pdf,https://arquivos.qconcursos.com/prova/arquivo_gabarito/83292/fgv-2021-famema-enfermagem-gabarito.pdf,,
FGV,2021,FAMEMA,Farmácia,,18/01/21,Nível Superior,https://arquivos.qconcursos.com/prova/arquivo_prova/83293/fgv-2021-famema-farmacia-prova.pdf,https://arquivos.qconcursos.com/prova/arquivo_gabarito/83293/fgv-2021-famema-farmacia-gabarito.pdf,,
FGV,2021,FAMEMA,Fisioterapia,,18/01/21,Nível Superior,https://arquivos.qconcursos.com/prova/arquivo_prova/83294/fgv-2021-famema-fisioterapia-prova.pdf,https://arquivos.qconcursos.com/prova/arquivo_gabarito/83294/fgv-2021-famema-fisioterapia-gabarito.pdf,,
FGV,2021,FAMEMA,Nutrição,,18/01/21,Nível Superior,https://arquivos.qconcursos.com/prova/arquivo_prova/83295/fgv-2021-famema-nutricao-prova.pdf,https://arquivos.qconcursos.com/prova/arquivo_gabarito/83295/fgv-2021-famema-nutricao-gabarito.pdf,,
FGV,2021,FAMEMA,Psicologia,,18/01/21,Nível Superior,https://arquivos.qconcursos.com/prova/arquivo_prova/83296/fgv-2021-famema-psicologia-prova.pdf,https://arquivos.qconcursos.com/prova/arquivo_gabarito/83296/fgv-2021-famema-psicologia-gabarito.pdf,,
FGV,2021,FAMEMA,Serviço Social,,18/01/21,Nível Superior,https://arquivos.qconcursos.com/prova/arquivo_prova/83297/fgv-2021-famema-servico-social-prova.pdf,https://arquivos.qconcursos.com/prova/arquivo_gabarito/83297/fgv-2021-famema-servico-social-gabarito.pdf,,
FGV,2021,FAMEMA,Terapia Ocupacional,,18/01/21,Nível Superior,https://arquivos.qconcursos.com/prova/arquivo_prova/83298/fgv-2021-famema-terapia-ocupacional-prova.pdf,https://arquivos.qconcursos.com/prova/arquivo_gabarito/83298/fgv-2021-famema-terapia-ocupacional-gabarito.pdf,,
